lead_id,platform,comment_text,city,district,province,customer_type,housing_type,demand_signals,lead_score,lead_grade,status,created_at
PV_LEAD_30F3DC47,douyin,农村自建房想装光伏发电，大概多少钱？有补贴吗,重庆,,重庆,家庭用户,农村自建房,安装需求|价格咨询,72,A,True,medium,new,2026-07-13 13:42:21
PV_LEAD_C216A8A8,douyin,农村自建房想装光伏发电，大概多少钱？有补贴吗,重庆,,重庆,家庭用户,农村自建房,安装需求|价格咨询,72,A,True,medium,new,2026-07-13 13:42:46
PV_LEAD_61FF30DC,douyin,农村自建房想装光伏发电，大概多少钱？有补贴吗,重庆,,重庆,家庭用户,农村自建房,安装需求|价格咨询,67,A,True,medium,new,2026-07-19 15:05:25
PV_LEAD_0115177E,douyin,农村自建房想装光伏发电，大概多少钱？有补贴吗,重庆,,重庆,家庭用户,农村自建房,安装需求|价格咨询,70,A,True,medium,new,2026-07-19 15:16:59
PV_LEAD_DADAB5FE,douyin,农村自建房想装光伏发电，大概多少钱？有补贴吗,重庆,,重庆,家庭用户,农村自建房,安装需求|价格咨询,70,A,True,medium,new,2026-07-19 15:49:17
PV_LEAD_902C727D,douyin,农村自建房想装光伏发电，大概多少钱？有补贴吗,重庆,,重庆,家庭用户,农村自建房,安装需求|价格咨询,68,A,True,medium,new,2026-07-19 15:56:55
PV_LEAD_6636CBC7,douyin,农村自建房想装光伏发电，大概多少钱？有补贴吗,重庆,,重庆,家庭用户,农村自建房,安装需求|价格咨询,67,A,True,medium,new,2026-07-19 17:19:36
PV_LEAD_2C727B86,douyin,农村自建房想装光伏发电，大概多少钱？有补贴吗,重庆,,重庆,家庭用户,农村自建房,安装需求|价格咨询,67,A,True,medium,new,2026-07-19 17:27:46
PV_LEAD_14B4CBB4,douyin,农村自建房想装光伏发电，大概多少钱？有补贴吗,重庆,,重庆,家庭用户,农村自建房,安装需求|价格咨询,68,A,True,medium,new,2026-07-19 17:56:26
PV_LEAD_CA0D150A,douyin,四川德阳广汉的，家里独栋三层，想装光伏省点电费，收益到底怎么样？,四川德阳,,四川德阳,别墅用户,别墅,安装需求,60,A,False,medium,new,2026-07-19 21:43:52
PV_LEAD_E3A9D8A8,douyin,重庆南岸区，开民宿的，两层楼屋顶想全部铺光伏，能不能给个报价？,重庆,,重庆,家庭用户,普通住宅,价格咨询,71,A,True,medium,new,2026-07-19 21:43:52
PV_LEAD_48020989,douyin,泸州龙马潭区的餐厅，两个店面屋顶加起来200平，想装光伏降成本，有做过的吗？,四川泸州,,四川泸州,家庭用户,普通住宅,安装需求,71,A,True,medium,new,2026-07-19 21:43:52
PV_LEAD_40EC761D,douyin,成都青羊区别墅刚装修完，想做光伏发电玻璃那种，感觉比传统板好看，能做吗？,四川成都,,四川成都,别墅用户,别墅,安装需求,68,A,False,medium,new,2026-07-19 21:43:52
PV_LEAD_9237E332,kuaishou,重庆江津的阳光房可以装光伏吗？夏天太阳太大了，正好遮阳还能发电,重庆,,重庆,别墅用户,高价值住宅,安装需求,66,A,False,medium,new,2026-07-19 22:00:21
PV_LEAD_2AAD5080,xiaohongshu,成都郫都区花园洋房，一楼带院子能装光伏吗？想装在地面,四川成都,,四川成都,别墅用户,高价值住宅,安装需求,68,A,False,medium,new,2026-07-19 22:00:21
PV_LEAD_CF34F881,douyin,四川德阳广汉的，家里独栋三层，想装光伏省点电费，收益到底怎么样？,四川德阳,,四川德阳,别墅用户,别墅,安装需求,60,A,False,medium,new,2026-07-19 22:00:21
PV_LEAD_CB5E3EFF,douyin,重庆南岸区，开民宿的，两层楼屋顶想全部铺光伏，能不能给个报价？,重庆,,重庆,小商业用户,商业建筑,价格咨询,79,A,True,medium,new,2026-07-19 22:00:21
PV_LEAD_DB74DCC6,xiaohongshu,成都高新区住宅，家里跃层带露台，想装光伏发电顺便给露台做遮阳，有推荐的吗？,四川成都,,四川成都,别墅用户,高价值住宅,安装需求,68,A,False,medium,new,2026-07-19 22:00:21
PV_LEAD_C81499C5,douyin,成都温江区叠拼上叠，楼顶露台50平，装光伏大概多久能回本？,四川成都,,四川成都,别墅用户,高价值住宅,安装需求,68,A,False,medium,new,2026-07-19 22:00:22
PV_LEAD_F09E264D,douyin,南充顺庆区的小酒店，旺季电费一个月两万，装光伏划不划算？求真实数据,四川南充,,四川南充,小商业用户,商业建筑,安装需求,64,A,False,medium,new,2026-07-19 22:00:22
PV_LEAD_CD1198D3,douyin,泸州龙马潭区的餐厅，两个店面屋顶加起来200平，想装光伏降成本，有做过的吗？,四川泸州,,四川泸州,小商业用户,商业建筑,安装需求,79,A,True,medium,new,2026-07-19 22:00:22
PV_LEAD_327E4981,douyin,成都青羊区别墅刚装修完，想做光伏发电玻璃那种，感觉比传统板好看，能做吗？,四川成都,,四川成都,别墅用户,别墅,安装需求,68,A,False,medium,new,2026-07-19 22:00:22
PV_LEAD_BCF35637,xiaohongshu,贵阳花溪区别墅可以装吗？我们小区好像没看到装过的，担心物业不同意,贵州贵阳,,贵州贵阳,别墅用户,别墅,安装需求,60,A,False,medium,new,2026-07-19 22:02:18
PV_LEAD_9E09198B,douyin,绵阳涪城区的自建房，屋顶差不多80平，有没有师傅可以上门看看,四川绵阳,,四川绵阳,家庭用户,农村自建房,,62,A,False,medium,new,2026-07-19 22:02:18
PV_LEAD_DEE8D5A5,kuaishou,重庆江津的阳光房可以装光伏吗？夏天太阳太大了，正好遮阳还能发电,重庆,,重庆,别墅用户,高价值住宅,安装需求,70,A,False,medium,new,2026-07-19 22:02:19
PV_LEAD_B79A1F25,xiaohongshu,成都郫都区花园洋房，一楼带院子能装光伏吗？想装在地面,四川成都,,四川成都,别墅用户,高价值住宅,安装需求,70,A,False,medium,new,2026-07-19 22:02:19
PV_LEAD_3C253287,douyin,四川德阳广汉的，家里独栋三层，想装光伏省点电费，收益到底怎么样？,四川德阳,,四川德阳,别墅用户,别墅,安装需求,70,A,False,medium,new,2026-07-19 22:02:19
PV_LEAD_081AF706,douyin,贵阳观山湖区开棋牌室的，电费一个月五六千吃不消，光伏能省多少？,贵州贵阳,,贵州贵阳,小商业用户,普通住宅,,68,A,False,medium,new,2026-07-19 22:02:19
PV_LEAD_40462990,xiaohongshu,成都高新区住宅，家里跃层带露台，想装光伏发电顺便给露台做遮阳，有推荐的吗？,四川成都,,四川成都,别墅用户,高价值住宅,安装需求,70,A,False,medium,new,2026-07-19 22:02:19
PV_LEAD_0CCFB70E,kuaishou,遵义红花岗区的自建房准备重新装修，想顺便把光伏装了，不知道好不好维护,贵州遵义,,贵州遵义,家庭用户,农村自建房,安装需求,62,A,False,medium,new,2026-07-19 22:02:19
PV_LEAD_5EA7EE75,douyin,成都温江区叠拼上叠，楼顶露台50平，装光伏大概多久能回本？,四川成都,,四川成都,别墅用户,高价值住宅,安装需求,70,A,False,medium,new,2026-07-19 22:02:19
PV_LEAD_D2EB56FD,douyin,南充顺庆区的小酒店，旺季电费一个月两万，装光伏划不划算？求真实数据,四川南充,,四川南充,小商业用户,商业建筑,安装需求,68,A,False,medium,new,2026-07-19 22:02:19
PV_LEAD_9615E7F2,xiaohongshu,重庆渝中区高层住宅，开发商说屋顶可以用，想装光伏但完全不懂，求科普,重庆,,重庆,家庭用户,普通住宅,安装需求,60,A,False,medium,new,2026-07-19 22:02:19
PV_LEAD_94C8845E,douyin,成都青羊区别墅刚装修完，想做光伏发电玻璃那种，感觉比传统板好看，能做吗？,四川成都,,四川成都,别墅用户,别墅,安装需求,70,A,False,medium,new,2026-07-19 22:02:19
PV_LEAD_696CF5F8,xiaohongshu,贵阳花溪区别墅可以装吗？我们小区好像没看到装过的，担心物业不同意,贵州贵阳,,贵州贵阳,别墅用户,别墅,安装需求,60,A,False,medium,new,2026-07-19 22:07:47
PV_LEAD_E8B9E5BD,douyin,绵阳涪城区的自建房，屋顶差不多80平，有没有师傅可以上门看看,四川绵阳,,四川绵阳,家庭用户,农村自建房,,62,A,False,medium,new,2026-07-19 22:07:47
PV_LEAD_85EF7D83,kuaishou,重庆江津的阳光房可以装光伏吗？夏天太阳太大了，正好遮阳还能发电,重庆,,重庆,别墅用户,高价值住宅,安装需求,70,A,False,medium,new,2026-07-19 22:07:47
PV_LEAD_544BC467,xiaohongshu,成都郫都区花园洋房，一楼带院子能装光伏吗？想装在地面,四川成都,,四川成都,别墅用户,高价值住宅,安装需求,70,A,False,medium,new,2026-07-19 22:07:47
PV_LEAD_F23ED84E,douyin,四川德阳广汉的，家里独栋三层，想装光伏省点电费，收益到底怎么样？,四川德阳,,四川德阳,别墅用户,别墅,安装需求,70,A,False,medium,new,2026-07-19 22:07:47
PV_LEAD_0E1CB844,douyin,贵阳观山湖区开棋牌室的，电费一个月五六千吃不消，光伏能省多少？,贵州贵阳,,贵州贵阳,小商业用户,普通住宅,,68,A,False,medium,new,2026-07-19 22:07:47
PV_LEAD_4A985DDA,xiaohongshu,成都高新区住宅，家里跃层带露台，想装光伏发电顺便给露台做遮阳，有推荐的吗？,四川成都,,四川成都,别墅用户,高价值住宅,安装需求,70,A,False,medium,new,2026-07-19 22:07:47
PV_LEAD_EA4B4EC6,kuaishou,遵义红花岗区的自建房准备重新装修，想顺便把光伏装了，不知道好不好维护,贵州遵义,,贵州遵义,家庭用户,农村自建房,安装需求,62,A,False,medium,new,2026-07-19 22:07:47
PV_LEAD_86AAACBE,douyin,成都温江区叠拼上叠，楼顶露台50平，装光伏大概多久能回本？,四川成都,,四川成都,别墅用户,高价值住宅,安装需求,70,A,False,medium,new,2026-07-19 22:07:47
PV_LEAD_14F26E72,douyin,南充顺庆区的小酒店，旺季电费一个月两万，装光伏划不划算？求真实数据,四川南充,,四川南充,小商业用户,商业建筑,安装需求,68,A,False,medium,new,2026-07-19 22:07:47
PV_LEAD_ECEA71DA,xiaohongshu,重庆渝中区高层住宅，开发商说屋顶可以用，想装光伏但完全不懂，求科普,重庆,,重庆,家庭用户,普通住宅,安装需求,60,A,False,medium,new,2026-07-19 22:07:47
PV_LEAD_50597FC4,douyin,成都青羊区别墅刚装修完，想做光伏发电玻璃那种，感觉比传统板好看，能做吗？,四川成都,,四川成都,别墅用户,别墅,安装需求,70,A,False,medium,new,2026-07-19 22:07:47
PV_LEAD_09ACFE17,xiaohongshu,贵阳花溪区别墅可以装吗？我们小区好像没看到装过的，担心物业不同意,贵州贵阳,,贵州贵阳,别墅用户,别墅,安装需求,60,A,False,medium,new,2026-07-19 22:12:33
PV_LEAD_72D7A27D,xiaohongshu,贵阳花溪区别墅可以装吗？我们小区好像没看到装过的，担心物业不同意,贵州贵阳,,贵州贵阳,别墅用户,别墅,安装需求,60,A,False,medium,new,2026-07-19 22:12:33
PV_LEAD_AA15051C,douyin,绵阳涪城区的自建房，屋顶差不多80平，有没有师傅可以上门看看,四川绵阳,,四川绵阳,家庭用户,农村自建房,,62,A,False,medium,new,2026-07-19 22:12:33
PV_LEAD_6A014FF3,kuaishou,重庆江津的阳光房可以装光伏吗？夏天太阳太大了，正好遮阳还能发电,重庆,,重庆,别墅用户,高价值住宅,安装需求,70,A,False,medium,new,2026-07-19 22:12:33
PV_LEAD_ADE46D49,xiaohongshu,成都郫都区花园洋房，一楼带院子能装光伏吗？想装在地面,四川成都,,四川成都,别墅用户,高价值住宅,安装需求,70,A,False,medium,new,2026-07-19 22:12:33
PV_LEAD_24BD04EC,douyin,四川德阳广汉的，家里独栋三层，想装光伏省点电费，收益到底怎么样？,四川德阳,,四川德阳,别墅用户,别墅,安装需求,70,A,False,medium,new,2026-07-19 22:12:33
PV_LEAD_5A08F191,douyin,贵阳观山湖区开棋牌室的，电费一个月五六千吃不消，光伏能省多少？,贵州贵阳,,贵州贵阳,小商业用户,普通住宅,,68,A,False,medium,new,2026-07-19 22:12:33
PV_LEAD_4B463DD7,xiaohongshu,成都高新区住宅，家里跃层带露台，想装光伏发电顺便给露台做遮阳，有推荐的吗？,四川成都,,四川成都,别墅用户,高价值住宅,安装需求,70,A,False,medium,new,2026-07-19 22:12:34
PV_LEAD_3B8D503B,kuaishou,遵义红花岗区的自建房准备重新装修，想顺便把光伏装了，不知道好不好维护,贵州遵义,,贵州遵义,家庭用户,农村自建房,安装需求,62,A,False,medium,new,2026-07-19 22:12:34
PV_LEAD_72D21473,douyin,成都温江区叠拼上叠，楼顶露台50平，装光伏大概多久能回本？,四川成都,,四川成都,别墅用户,高价值住宅,安装需求,70,A,False,medium,new,2026-07-19 22:12:34
PV_LEAD_A0AC96C1,douyin,南充顺庆区的小酒店，旺季电费一个月两万，装光伏划不划算？求真实数据,四川南充,,四川南充,小商业用户,商业建筑,安装需求,68,A,False,medium,new,2026-07-19 22:12:34
PV_LEAD_C29A51B7,xiaohongshu,重庆渝中区高层住宅，开发商说屋顶可以用，想装光伏但完全不懂，求科普,重庆,,重庆,家庭用户,普通住宅,安装需求,60,A,False,medium,new,2026-07-19 22:12:34
PV_LEAD_91477B8B,douyin,成都青羊区别墅刚装修完，想做光伏发电玻璃那种，感觉比传统板好看，能做吗？,四川成都,,四川成都,别墅用户,别墅,安装需求,70,A,False,medium,new,2026-07-19 22:12:34
PV_LEAD_298E614C,xiaohongshu,贵阳花溪区别墅可以装吗？我们小区好像没看到装过的，担心物业不同意,贵州贵阳,,贵州贵阳,别墅用户,别墅,安装需求,60,A,False,medium,new,2026-07-19 22:21:39
PV_LEAD_7DD9780E,douyin,绵阳涪城区的自建房，屋顶差不多80平，有没有师傅可以上门看看,四川绵阳,,四川绵阳,家庭用户,农村自建房,,62,A,False,medium,new,2026-07-19 22:21:39
PV_LEAD_C64129E5,kuaishou,重庆江津的阳光房可以装光伏吗？夏天太阳太大了，正好遮阳还能发电,重庆,,重庆,别墅用户,高价值住宅,安装需求,70,A,False,medium,new,2026-07-19 22:21:39
PV_LEAD_D1641B36,xiaohongshu,成都郫都区花园洋房，一楼带院子能装光伏吗？想装在地面,四川成都,,四川成都,别墅用户,高价值住宅,安装需求,70,A,False,medium,new,2026-07-19 22:21:39
PV_LEAD_6D67D7CB,douyin,四川德阳广汉的，家里独栋三层，想装光伏省点电费，收益到底怎么样？,四川德阳,,四川德阳,别墅用户,别墅,安装需求,70,A,False,medium,new,2026-07-19 22:21:39
PV_LEAD_E28FA3A2,douyin,贵阳观山湖区开棋牌室的，电费一个月五六千吃不消，光伏能省多少？,贵州贵阳,,贵州贵阳,小商业用户,普通住宅,,68,A,False,medium,new,2026-07-19 22:21:39
PV_LEAD_C44A158A,xiaohongshu,成都高新区住宅，家里跃层带露台，想装光伏发电顺便给露台做遮阳，有推荐的吗？,四川成都,,四川成都,别墅用户,高价值住宅,安装需求,70,A,False,medium,new,2026-07-19 22:21:39
PV_LEAD_477E04DB,kuaishou,遵义红花岗区的自建房准备重新装修，想顺便把光伏装了，不知道好不好维护,贵州遵义,,贵州遵义,家庭用户,农村自建房,安装需求,62,A,False,medium,new,2026-07-19 22:21:39
PV_LEAD_D9191FCD,douyin,成都温江区叠拼上叠，楼顶露台50平，装光伏大概多久能回本？,四川成都,,四川成都,别墅用户,高价值住宅,安装需求,70,A,False,medium,new,2026-07-19 22:21:39
PV_LEAD_3DDB25C1,douyin,南充顺庆区的小酒店，旺季电费一个月两万，装光伏划不划算？求真实数据,四川南充,,四川南充,小商业用户,商业建筑,安装需求,68,A,False,medium,new,2026-07-19 22:21:39
PV_LEAD_9B418AD3,xiaohongshu,重庆渝中区高层住宅，开发商说屋顶可以用，想装光伏但完全不懂，求科普,重庆,,重庆,家庭用户,普通住宅,安装需求,60,A,False,medium,new,2026-07-19 22:21:39
PV_LEAD_AD2F8FB2,douyin,成都青羊区别墅刚装修完，想做光伏发电玻璃那种，感觉比传统板好看，能做吗？,四川成都,,四川成都,别墅用户,别墅,安装需求,70,A,False,medium,new,2026-07-19 22:21:40
PV_LEAD_A5F4EB02,douyin,农村自建房想装光伏发电，大概多少钱？有补贴吗,重庆,,重庆,家庭用户,农村自建房,安装需求|价格咨询,68,A,True,medium,new,2026-07-20 10:59:17
PV_LEAD_18CB9ECB,douyin,农村自建房想装光伏发电，大概多少钱？有补贴吗,重庆,,重庆,家庭用户,农村自建房,安装需求|价格咨询,68,A,True,medium,new,2026-07-20 10:59:26
PV_LEAD_D6DD6A73,douyin,农村自建房想装光伏发电，大概多少钱？有补贴吗,重庆,,重庆,家庭用户,农村自建房,安装需求|价格咨询,68,A,True,medium,new,2026-07-20 10:59:32
PV_LEAD_A77448E2,douyin,农村自建房想装光伏发电，大概多少钱？有补贴吗,重庆,,重庆,家庭用户,农村自建房,安装需求|价格咨询,68,A,True,medium,new,2026-07-20 11:10:33
PV_LEAD_482EA37C,xiaohongshu,光伏发电靠谱吗？想了解一下,贵州贵阳,,贵州贵阳,家庭用户,普通住宅,,66,A,True,medium,new,2026-07-20 11:20:03
PV_LEAD_969B3664,xiaohongshu,光伏发电靠谱吗？想了解一下,贵州贵阳,,贵州贵阳,家庭用户,普通住宅,,66,A,True,medium,new,2026-07-20 11:20:04
PV_LEAD_7F95CEB4,douyin,重庆渝北的高价值住宅，想了解一下光伏怎么装,重庆,,重庆,家庭用户,普通住宅,,71,A,True,medium,new,2026-07-20 11:21:21
PV_LEAD_9E76F77E,xiaohongshu,光伏发电靠谱吗？想了解一下,贵州贵阳,,贵州贵阳,家庭用户,普通住宅,,66,A,True,medium,new,2026-07-20 11:21:21
PV_LEAD_88A6A93C,xiaohongshu,光伏发电靠谱吗？想了解一下,贵州贵阳,,贵州贵阳,家庭用户,普通住宅,,66,A,True,medium,new,2026-07-20 11:21:21
PV_LEAD_8A3C3B38,douyin,重庆渝北的高价值住宅，想了解一下光伏怎么装,重庆,,重庆,家庭用户,普通住宅,,71,A,True,medium,new,2026-07-20 11:21:30
PV_LEAD_513B8481,xiaohongshu,光伏发电靠谱吗？想了解一下,贵州贵阳,,贵州贵阳,家庭用户,普通住宅,,66,A,True,medium,new,2026-07-20 11:21:30
PV_LEAD_45B3B169,xiaohongshu,光伏发电靠谱吗？想了解一下,贵州贵阳,,贵州贵阳,家庭用户,普通住宅,,66,A,True,medium,new,2026-07-20 11:21:31
PV_LEAD_B95C59A2,douyin,重庆渝北的高价值住宅，想了解一下光伏怎么装,重庆,,重庆,家庭用户,普通住宅,,71,A,True,medium,new,2026-07-20 11:21:43
PV_LEAD_3BB2AC34,xiaohongshu,光伏发电靠谱吗？想了解一下,贵州贵阳,,贵州贵阳,家庭用户,普通住宅,,66,A,True,medium,new,2026-07-20 11:21:43
PV_LEAD_221263A3,xiaohongshu,光伏发电靠谱吗？想了解一下,贵州贵阳,,贵州贵阳,家庭用户,普通住宅,,66,A,True,medium,new,2026-07-20 11:21:44
PV_LEAD_64895292,douyin,成都别墅光伏屋顶改造,四川成都,,四川成都,别墅用户,别墅,,66,A,False,medium,new,2026-07-20 11:26:31
PV_LEAD_85B1C947,douyin,重庆渝北的高价值住宅，想了解一下光伏怎么装,重庆,,重庆,家庭用户,普通住宅,,71,A,True,medium,new,2026-07-20 11:37:29
PV_LEAD_0F097F08,xiaohongshu,光伏发电靠谱吗？想了解一下,贵州贵阳,,贵州贵阳,家庭用户,普通住宅,,66,A,True,medium,new,2026-07-20 11:37:29
PV_LEAD_9581887D,xiaohongshu,光伏发电靠谱吗？想了解一下,贵州贵阳,,贵州贵阳,家庭用户,普通住宅,,66,A,True,medium,new,2026-07-20 11:37:29
PV_LEAD_AA247398,douyin,重庆渝北的高价值住宅，想了解一下光伏怎么装,重庆,,重庆,家庭用户,普通住宅,,71,A,True,medium,new,2026-07-20 11:38:04
PV_LEAD_EBF98DA0,xiaohongshu,光伏发电靠谱吗？想了解一下,贵州贵阳,,贵州贵阳,家庭用户,普通住宅,,66,A,True,medium,new,2026-07-20 11:38:04
PV_LEAD_1528C543,xiaohongshu,光伏发电靠谱吗？想了解一下,贵州贵阳,,贵州贵阳,家庭用户,普通住宅,,66,A,True,medium,new,2026-07-20 11:38:04
PV_LEAD_C8902A05,douyin,重庆渝北的高价值住宅，想了解一下光伏怎么装,重庆,,重庆,家庭用户,普通住宅,,71,A,True,medium,new,2026-07-20 11:42:32
PV_LEAD_D88BCF73,xiaohongshu,光伏发电靠谱吗？想了解一下,贵州贵阳,,贵州贵阳,家庭用户,普通住宅,,66,A,True,medium,new,2026-07-20 11:42:33
PV_LEAD_5AB99011,xiaohongshu,光伏发电靠谱吗？想了解一下,贵州贵阳,,贵州贵阳,家庭用户,普通住宅,,66,A,True,medium,new,2026-07-20 11:42:33
PV_LEAD_D4438024,douyin,重庆渝北的高价值住宅，想了解一下光伏怎么装,重庆,,重庆,家庭用户,普通住宅,,71,A,True,medium,new,2026-07-20 12:04:05
PV_LEAD_0DCBDB44,xiaohongshu,光伏发电靠谱吗？想了解一下,贵州贵阳,,贵州贵阳,家庭用户,普通住宅,,66,A,True,medium,new,2026-07-20 12:04:05
PV_LEAD_6B51C464,xiaohongshu,光伏发电靠谱吗？想了解一下,贵州贵阳,,贵州贵阳,家庭用户,普通住宅,,66,A,True,medium,new,2026-07-20 12:04:06
PV_LEAD_5D7D1FF5,douyin,重庆渝北的高价值住宅，想了解一下光伏怎么装,重庆,,重庆,家庭用户,普通住宅,,71,A,True,medium,new,2026-07-20 12:07:39
PV_LEAD_E5FFCF52,xiaohongshu,光伏发电靠谱吗？想了解一下,贵州贵阳,,贵州贵阳,家庭用户,普通住宅,,66,A,True,medium,new,2026-07-20 12:07:39
PV_LEAD_EE7493F4,xiaohongshu,光伏发电靠谱吗？想了解一下,贵州贵阳,,贵州贵阳,家庭用户,普通住宅,,66,A,True,medium,new,2026-07-20 12:07:39
PV_LEAD_87D994D1,douyin,重庆渝北的高价值住宅，想了解一下光伏怎么装,重庆,,重庆,家庭用户,普通住宅,,71,A,True,medium,new,2026-07-20 12:21:08
PV_LEAD_F4A2BF8D,xiaohongshu,光伏发电靠谱吗？想了解一下,贵州贵阳,,贵州贵阳,家庭用户,普通住宅,,66,A,True,medium,new,2026-07-20 12:21:08
PV_LEAD_4B66541B,xiaohongshu,光伏发电靠谱吗？想了解一下,贵州贵阳,,贵州贵阳,家庭用户,普通住宅,,66,A,True,medium,new,2026-07-20 12:21:08
PV_LEAD_F2D58571,douyin,重庆渝北的高价值住宅，想了解一下光伏怎么装,重庆,,重庆,家庭用户,普通住宅,,71,A,True,medium,new,2026-07-20 12:22:07
PV_LEAD_4747E53C,xiaohongshu,光伏发电靠谱吗？想了解一下,贵州贵阳,,贵州贵阳,家庭用户,普通住宅,,66,A,True,medium,new,2026-07-20 12:22:07
PV_LEAD_78C93C77,xiaohongshu,光伏发电靠谱吗？想了解一下,贵州贵阳,,贵州贵阳,家庭用户,普通住宅,,66,A,True,medium,new,2026-07-20 12:22:08
PV_LEAD_0C44BB93,douyin,重庆渝北的高价值住宅，想了解一下光伏怎么装,重庆,,重庆,家庭用户,普通住宅,,71,A,True,medium,new,2026-07-20 12:22:35
PV_LEAD_7392810E,xiaohongshu,光伏发电靠谱吗？想了解一下,贵州贵阳,,贵州贵阳,家庭用户,普通住宅,,66,A,True,medium,new,2026-07-20 12:22:35
PV_LEAD_53F7C34B,xiaohongshu,光伏发电靠谱吗？想了解一下,贵州贵阳,,贵州贵阳,家庭用户,普通住宅,,66,A,True,medium,new,2026-07-20 12:22:35
PV_LEAD_008F49DD,douyin,光伏发电靠谱吗？想了解一下,贵州贵阳,,贵州贵阳,家庭用户,普通住宅,,71,A,True,medium,new,2026-07-20 12:28:54
PV_LEAD_9873CA05,douyin,光伏发电靠谱吗？想了解一下,贵州贵阳,,贵州贵阳,家庭用户,普通住宅,,71,A,True,medium,new,2026-07-20 12:28:54
PV_LEAD_BECBB612,douyin,光伏发电靠谱吗？想了解一下,贵州贵阳,,贵州贵阳,家庭用户,普通住宅,,71,A,True,medium,new,2026-07-20 12:28:54
PV_LEAD_11F52904,douyin,光伏发电靠谱吗？想了解一下,贵州贵阳,,贵州贵阳,家庭用户,普通住宅,,71,A,True,medium,new,2026-07-20 12:28:54
PV_LEAD_A31DB7F2,douyin,重庆渝北的高价值住宅，想了解一下光伏怎么装,重庆,,重庆,家庭用户,普通住宅,,71,A,True,medium,new,2026-07-20 12:28:55
PV_LEAD_37E0872E,xiaohongshu,光伏发电靠谱吗？想了解一下,贵州贵阳,,贵州贵阳,家庭用户,普通住宅,,66,A,True,medium,new,2026-07-20 12:28:55
PV_LEAD_43F2FC17,xiaohongshu,光伏发电靠谱吗？想了解一下,贵州贵阳,,贵州贵阳,家庭用户,普通住宅,,66,A,True,medium,new,2026-07-20 12:28:55
PV_LEAD_C2876A85,douyin,光伏发电靠谱吗？想了解一下,贵州贵阳,,贵州贵阳,家庭用户,普通住宅,,71,A,True,medium,new,2026-07-20 12:29:32
PV_LEAD_180458EA,douyin,光伏发电靠谱吗？想了解一下,贵州贵阳,,贵州贵阳,家庭用户,普通住宅,,71,A,True,medium,new,2026-07-20 12:29:32
PV_LEAD_604B2697,douyin,光伏发电靠谱吗？想了解一下,贵州贵阳,,贵州贵阳,家庭用户,普通住宅,,71,A,True,medium,new,2026-07-20 12:29:32
PV_LEAD_0EAA8046,douyin,光伏发电靠谱吗？想了解一下,贵州贵阳,,贵州贵阳,家庭用户,普通住宅,,71,A,True,medium,new,2026-07-20 12:29:32
PV_LEAD_E9CADBAF,douyin,重庆渝北的高价值住宅，想了解一下光伏怎么装,重庆,,重庆,家庭用户,普通住宅,,71,A,True,medium,new,2026-07-20 12:29:33
PV_LEAD_74A40584,xiaohongshu,光伏发电靠谱吗？想了解一下,贵州贵阳,,贵州贵阳,家庭用户,普通住宅,,66,A,True,medium,new,2026-07-20 12:29:33
PV_LEAD_728A3173,xiaohongshu,光伏发电靠谱吗？想了解一下,贵州贵阳,,贵州贵阳,家庭用户,普通住宅,,66,A,True,medium,new,2026-07-20 12:29:34
PV_LEAD_53875E78,douyin,光伏发电靠谱吗？想了解一下,贵州贵阳,,贵州贵阳,家庭用户,普通住宅,,71,A,True,medium,new,2026-07-20 12:36:48
PV_LEAD_B58A0C15,douyin,光伏发电靠谱吗？想了解一下,贵州贵阳,,贵州贵阳,家庭用户,普通住宅,,71,A,True,medium,new,2026-07-20 12:36:48
PV_LEAD_52CD9FFC,douyin,光伏发电靠谱吗？想了解一下,贵州贵阳,,贵州贵阳,家庭用户,普通住宅,,71,A,True,medium,new,2026-07-20 12:36:48
PV_LEAD_05358F46,douyin,光伏发电靠谱吗？想了解一下,贵州贵阳,,贵州贵阳,家庭用户,普通住宅,,71,A,True,medium,new,2026-07-20 12:36:48
PV_LEAD_86CABA75,douyin,光伏发电靠谱吗？我朋友说用几年就不行了，是真的吗？,四川德阳,,四川德阳,家庭用户,普通住宅,,71,A,True,medium,new,2026-07-20 12:36:49
PV_LEAD_B865C475,douyin,光伏发电靠谱吗？我朋友说用几年就不行了，是真的吗？,四川德阳,,四川德阳,家庭用户,普通住宅,,71,A,True,medium,new,2026-07-20 12:36:49
PV_LEAD_CEB12C74,douyin,光伏发电靠谱吗？我朋友说用几年就不行了，是真的吗？,四川德阳,,四川德阳,家庭用户,普通住宅,,71,A,True,medium,new,2026-07-20 12:36:49
PV_LEAD_35C6410F,douyin,重庆渝北的高价值住宅，想了解一下光伏怎么装,重庆,,重庆,家庭用户,普通住宅,,71,A,True,medium,new,2026-07-20 12:36:49
PV_LEAD_F46E81BD,xiaohongshu,光伏发电靠谱吗？想了解一下,贵州贵阳,,贵州贵阳,家庭用户,普通住宅,,66,A,True,medium,new,2026-07-20 12:36:49
PV_LEAD_B0A838D8,xiaohongshu,光伏发电靠谱吗？想了解一下,贵州贵阳,,贵州贵阳,家庭用户,普通住宅,,66,A,True,medium,new,2026-07-20 12:36:50
PV_LEAD_AADC5681,douyin,光伏发电靠谱吗？我朋友说用几年就不行了，是真的吗？,四川德阳,,四川德阳,家庭用户,普通住宅,,71,A,True,medium,new,2026-07-20 12:37:27
PV_LEAD_E6365189,douyin,光伏发电靠谱吗？我朋友说用几年就不行了，是真的吗？,四川德阳,,四川德阳,家庭用户,普通住宅,,71,A,True,medium,new,2026-07-20 12:37:27
PV_LEAD_C8B7802F,douyin,光伏发电靠谱吗？我朋友说用几年就不行了，是真的吗？,四川德阳,,四川德阳,家庭用户,普通住宅,,71,A,True,medium,new,2026-07-20 12:37:27
PV_LEAD_A66AEBC4,douyin,光伏发电靠谱吗？想了解一下,贵州贵阳,,贵州贵阳,家庭用户,普通住宅,,71,A,True,medium,new,2026-07-20 12:37:33
PV_LEAD_BAAEC90D,douyin,光伏发电靠谱吗？想了解一下,贵州贵阳,,贵州贵阳,家庭用户,普通住宅,,71,A,True,medium,new,2026-07-20 12:37:33
PV_LEAD_65E78687,douyin,光伏发电靠谱吗？想了解一下,贵州贵阳,,贵州贵阳,家庭用户,普通住宅,,71,A,True,medium,new,2026-07-20 12:37:33
PV_LEAD_9FF13552,douyin,光伏发电靠谱吗？想了解一下,贵州贵阳,,贵州贵阳,家庭用户,普通住宅,,71,A,True,medium,new,2026-07-20 12:37:33
PV_LEAD_E57F242A,douyin,光伏发电靠谱吗？我朋友说用几年就不行了，是真的吗？,四川德阳,,四川德阳,家庭用户,普通住宅,,71,A,True,medium,new,2026-07-20 12:37:34
PV_LEAD_830286A5,douyin,光伏发电靠谱吗？我朋友说用几年就不行了，是真的吗？,四川德阳,,四川德阳,家庭用户,普通住宅,,71,A,True,medium,new,2026-07-20 12:37:34
PV_LEAD_D7FC45F3,douyin,光伏发电靠谱吗？我朋友说用几年就不行了，是真的吗？,四川德阳,,四川德阳,家庭用户,普通住宅,,71,A,True,medium,new,2026-07-20 12:37:34
PV_LEAD_B537B90D,douyin,重庆渝北的高价值住宅，想了解一下光伏怎么装,重庆,,重庆,家庭用户,普通住宅,,71,A,True,medium,new,2026-07-20 12:37:34
PV_LEAD_D6C07AC7,xiaohongshu,光伏发电靠谱吗？想了解一下,贵州贵阳,,贵州贵阳,家庭用户,普通住宅,,66,A,True,medium,new,2026-07-20 12:37:34
PV_LEAD_730C0707,xiaohongshu,光伏发电靠谱吗？想了解一下,贵州贵阳,,贵州贵阳,家庭用户,普通住宅,,66,A,True,medium,new,2026-07-20 12:37:34
PV_LEAD_975AC532,douyin,光伏发电靠谱吗？想了解一下,贵州贵阳,,贵州贵阳,家庭用户,普通住宅,,71,A,True,medium,new,2026-07-20 12:48:39
PV_LEAD_49F6FADB,douyin,光伏发电靠谱吗？想了解一下,贵州贵阳,,贵州贵阳,家庭用户,普通住宅,,71,A,True,medium,new,2026-07-20 12:48:39
PV_LEAD_1264D6E8,douyin,光伏发电靠谱吗？想了解一下,贵州贵阳,,贵州贵阳,家庭用户,普通住宅,,71,A,True,medium,new,2026-07-20 12:48:39
PV_LEAD_3CE58699,douyin,光伏发电靠谱吗？想了解一下,贵州贵阳,,贵州贵阳,家庭用户,普通住宅,,71,A,True,medium,new,2026-07-20 12:48:39
PV_LEAD_85DC3C33,douyin,光伏发电靠谱吗？我朋友说用几年就不行了，是真的吗？,四川德阳,,四川德阳,家庭用户,普通住宅,,71,A,True,medium,new,2026-07-20 12:48:40
PV_LEAD_59003BB7,douyin,光伏发电靠谱吗？我朋友说用几年就不行了，是真的吗？,四川德阳,,四川德阳,家庭用户,普通住宅,,71,A,True,medium,new,2026-07-20 12:48:40
PV_LEAD_1B1B733F,douyin,光伏发电靠谱吗？我朋友说用几年就不行了，是真的吗？,四川德阳,,四川德阳,家庭用户,普通住宅,,71,A,True,medium,new,2026-07-20 12:48:40
PV_LEAD_178EFC71,douyin,重庆渝北的高价值住宅，想了解一下光伏怎么装,重庆,,重庆,家庭用户,普通住宅,,71,A,True,medium,new,2026-07-20 12:48:40
PV_LEAD_750B26FE,xiaohongshu,光伏发电靠谱吗？想了解一下,贵州贵阳,,贵州贵阳,家庭用户,普通住宅,,66,A,True,medium,new,2026-07-20 12:48:40
PV_LEAD_58091928,xiaohongshu,光伏发电靠谱吗？想了解一下,贵州贵阳,,贵州贵阳,家庭用户,普通住宅,,66,A,True,medium,new,2026-07-20 12:48:41
PV_LEAD_581574C3,douyin,光伏发电靠谱吗？想了解一下,贵州贵阳,,贵州贵阳,家庭用户,普通住宅,,71,A,True,medium,new,2026-07-20 14:30:34
PV_LEAD_27879E14,douyin,光伏发电靠谱吗？想了解一下,贵州贵阳,,贵州贵阳,家庭用户,普通住宅,,71,A,True,medium,new,2026-07-20 14:30:35
PV_LEAD_6B1555E2,douyin,光伏发电靠谱吗？想了解一下,贵州贵阳,,贵州贵阳,家庭用户,普通住宅,,71,A,True,medium,new,2026-07-20 14:30:35
PV_LEAD_81044021,douyin,光伏发电靠谱吗？想了解一下,贵州贵阳,,贵州贵阳,家庭用户,普通住宅,,71,A,True,medium,new,2026-07-20 14:30:35
PV_LEAD_A43D4A52,douyin,光伏发电靠谱吗？我朋友说用几年就不行了，是真的吗？,四川德阳,,四川德阳,家庭用户,普通住宅,,71,A,True,medium,new,2026-07-20 14:30:35
PV_LEAD_A7058215,douyin,光伏发电靠谱吗？我朋友说用几年就不行了，是真的吗？,四川德阳,,四川德阳,家庭用户,普通住宅,,71,A,True,medium,new,2026-07-20 14:30:35
PV_LEAD_5BE69CD0,douyin,光伏发电靠谱吗？我朋友说用几年就不行了，是真的吗？,四川德阳,,四川德阳,家庭用户,普通住宅,,71,A,True,medium,new,2026-07-20 14:30:35
PV_LEAD_48284D90,douyin,重庆渝北的高价值住宅，想了解一下光伏怎么装,重庆,,重庆,家庭用户,普通住宅,,71,A,True,medium,new,2026-07-20 14:30:36
PV_LEAD_AF8D5CD8,xiaohongshu,光伏发电靠谱吗？想了解一下,贵州贵阳,,贵州贵阳,家庭用户,普通住宅,,66,A,True,medium,new,2026-07-20 14:30:36
PV_LEAD_40B61B02,xiaohongshu,光伏发电靠谱吗？想了解一下,贵州贵阳,,贵州贵阳,家庭用户,普通住宅,,66,A,True,medium,new,2026-07-20 14:30:36
PV_LEAD_65A4B82C,douyin,光伏发电靠谱吗？想了解一下,贵州贵阳,,贵州贵阳,家庭用户,普通住宅,,71,A,True,medium,new,2026-07-20 14:36:31
PV_LEAD_9D468488,douyin,光伏发电靠谱吗？想了解一下,贵州贵阳,,贵州贵阳,家庭用户,普通住宅,,71,A,True,medium,new,2026-07-20 14:36:31
PV_LEAD_CF738EF6,douyin,光伏发电靠谱吗？想了解一下,贵州贵阳,,贵州贵阳,家庭用户,普通住宅,,71,A,True,medium,new,2026-07-20 14:36:31
PV_LEAD_F3671DDA,douyin,光伏发电靠谱吗？想了解一下,贵州贵阳,,贵州贵阳,家庭用户,普通住宅,,71,A,True,medium,new,2026-07-20 14:36:31
PV_LEAD_EB471A22,douyin,光伏发电靠谱吗？我朋友说用几年就不行了，是真的吗？,四川德阳,,四川德阳,家庭用户,普通住宅,,71,A,True,medium,new,2026-07-20 14:36:32
PV_LEAD_DD136D3E,douyin,光伏发电靠谱吗？我朋友说用几年就不行了，是真的吗？,四川德阳,,四川德阳,家庭用户,普通住宅,,71,A,True,medium,new,2026-07-20 14:36:32
PV_LEAD_FE400E89,douyin,光伏发电靠谱吗？我朋友说用几年就不行了，是真的吗？,四川德阳,,四川德阳,家庭用户,普通住宅,,71,A,True,medium,new,2026-07-20 14:36:32
PV_LEAD_BAAC4129,douyin,重庆渝北的高价值住宅，想了解一下光伏怎么装,重庆,,重庆,家庭用户,普通住宅,,71,A,True,medium,new,2026-07-20 14:36:32
PV_LEAD_D1875538,xiaohongshu,光伏发电靠谱吗？想了解一下,贵州贵阳,,贵州贵阳,家庭用户,普通住宅,,66,A,True,medium,new,2026-07-20 14:36:33
PV_LEAD_4E360D88,xiaohongshu,光伏发电靠谱吗？想了解一下,贵州贵阳,,贵州贵阳,家庭用户,普通住宅,,66,A,True,medium,new,2026-07-20 14:36:34
PV_LEAD_3D906401,douyin,光伏发电靠谱吗？想了解一下,贵州贵阳,,贵州贵阳,家庭用户,普通住宅,,71,A,True,medium,new,2026-07-20 14:55:46
PV_LEAD_A1C5DA99,douyin,光伏发电靠谱吗？想了解一下,贵州贵阳,,贵州贵阳,家庭用户,普通住宅,,71,A,True,medium,new,2026-07-20 14:55:46
PV_LEAD_5F476D79,douyin,光伏发电靠谱吗？想了解一下,贵州贵阳,,贵州贵阳,家庭用户,普通住宅,,71,A,True,medium,new,2026-07-20 14:55:46
PV_LEAD_3106D096,douyin,光伏发电靠谱吗？想了解一下,贵州贵阳,,贵州贵阳,家庭用户,普通住宅,,71,A,True,medium,new,2026-07-20 14:55:46
PV_LEAD_22D1BC47,douyin,光伏发电靠谱吗？我朋友说用几年就不行了，是真的吗？,四川德阳,,四川德阳,家庭用户,普通住宅,,71,A,True,medium,new,2026-07-20 14:55:46
PV_LEAD_215E22F8,douyin,光伏发电靠谱吗？我朋友说用几年就不行了，是真的吗？,四川德阳,,四川德阳,家庭用户,普通住宅,,71,A,True,medium,new,2026-07-20 14:55:46
PV_LEAD_B4A9C3C0,douyin,光伏发电靠谱吗？我朋友说用几年就不行了，是真的吗？,四川德阳,,四川德阳,家庭用户,普通住宅,,71,A,True,medium,new,2026-07-20 14:55:46
PV_LEAD_9611DFA6,douyin,重庆渝北的高价值住宅，想了解一下光伏怎么装,重庆,,重庆,家庭用户,普通住宅,,71,A,True,medium,new,2026-07-20 14:55:46
PV_LEAD_E85FB0AB,xiaohongshu,光伏发电靠谱吗？想了解一下,贵州贵阳,,贵州贵阳,家庭用户,普通住宅,,66,A,True,medium,new,2026-07-20 14:55:46
PV_LEAD_52AB5CF6,xiaohongshu,光伏发电靠谱吗？想了解一下,贵州贵阳,,贵州贵阳,家庭用户,普通住宅,,66,A,True,medium,new,2026-07-20 14:55:47
PV_LEAD_497A1311,douyin,光伏发电靠谱吗？想了解一下,贵州贵阳,,贵州贵阳,家庭用户,普通住宅,,71,A,True,medium,new,2026-07-20 15:09:05
PV_LEAD_17B2C385,douyin,光伏发电靠谱吗？想了解一下,贵州贵阳,,贵州贵阳,家庭用户,普通住宅,,71,A,True,medium,new,2026-07-20 15:09:05
PV_LEAD_D3B0EBBB,douyin,光伏发电靠谱吗？想了解一下,贵州贵阳,,贵州贵阳,家庭用户,普通住宅,,71,A,True,medium,new,2026-07-20 15:09:05
PV_LEAD_71BD8B7C,douyin,光伏发电靠谱吗？想了解一下,贵州贵阳,,贵州贵阳,家庭用户,普通住宅,,71,A,True,medium,new,2026-07-20 15:09:05
PV_LEAD_1F57B48B,douyin,光伏发电靠谱吗？我朋友说用几年就不行了，是真的吗？,四川德阳,,四川德阳,家庭用户,普通住宅,,71,A,True,medium,new,2026-07-20 15:09:05
PV_LEAD_610BFD93,douyin,光伏发电靠谱吗？我朋友说用几年就不行了，是真的吗？,四川德阳,,四川德阳,家庭用户,普通住宅,,71,A,True,medium,new,2026-07-20 15:09:05
PV_LEAD_F89725CC,douyin,光伏发电靠谱吗？我朋友说用几年就不行了，是真的吗？,四川德阳,,四川德阳,家庭用户,普通住宅,,71,A,True,medium,new,2026-07-20 15:09:06
PV_LEAD_ADF5A3C8,douyin,重庆渝北的高价值住宅，想了解一下光伏怎么装,重庆,,重庆,家庭用户,普通住宅,,71,A,True,medium,new,2026-07-20 15:09:06
PV_LEAD_E8BEEDCA,xiaohongshu,光伏发电靠谱吗？想了解一下,贵州贵阳,,贵州贵阳,家庭用户,普通住宅,,66,A,True,medium,new,2026-07-20 15:09:06
PV_LEAD_6C88D389,xiaohongshu,光伏发电靠谱吗？想了解一下,贵州贵阳,,贵州贵阳,家庭用户,普通住宅,,66,A,True,medium,new,2026-07-20 15:09:07
PV_LEAD_846A3793,douyin,光伏发电靠谱吗？想了解一下,贵州贵阳,,贵州贵阳,家庭用户,普通住宅,,71,A,True,medium,new,2026-07-20 15:22:00
PV_LEAD_5E6CE23C,douyin,光伏发电靠谱吗？想了解一下,贵州贵阳,,贵州贵阳,家庭用户,普通住宅,,71,A,True,medium,new,2026-07-20 15:22:00
PV_LEAD_339885D8,douyin,光伏发电靠谱吗？想了解一下,贵州贵阳,,贵州贵阳,家庭用户,普通住宅,,71,A,True,medium,new,2026-07-20 15:22:00
PV_LEAD_FDBDDBC6,douyin,光伏发电靠谱吗？想了解一下,贵州贵阳,,贵州贵阳,家庭用户,普通住宅,,71,A,True,medium,new,2026-07-20 15:22:00
PV_LEAD_11F2E39D,douyin,光伏发电靠谱吗？我朋友说用几年就不行了，是真的吗？,四川德阳,,四川德阳,家庭用户,普通住宅,,71,A,True,medium,new,2026-07-20 15:22:01
PV_LEAD_5BEAF9AB,douyin,光伏发电靠谱吗？我朋友说用几年就不行了，是真的吗？,四川德阳,,四川德阳,家庭用户,普通住宅,,71,A,True,medium,new,2026-07-20 15:22:01
PV_LEAD_16E9A316,douyin,光伏发电靠谱吗？我朋友说用几年就不行了，是真的吗？,四川德阳,,四川德阳,家庭用户,普通住宅,,71,A,True,medium,new,2026-07-20 15:22:01
PV_LEAD_A30BF28A,douyin,重庆渝北的高价值住宅，想了解一下光伏怎么装,重庆,,重庆,家庭用户,普通住宅,,71,A,True,medium,new,2026-07-20 15:22:01
PV_LEAD_829E473F,xiaohongshu,光伏发电靠谱吗？想了解一下,贵州贵阳,,贵州贵阳,家庭用户,普通住宅,,66,A,True,medium,new,2026-07-20 15:22:01
PV_LEAD_536140E8,xiaohongshu,光伏发电靠谱吗？想了解一下,贵州贵阳,,贵州贵阳,家庭用户,普通住宅,,66,A,True,medium,new,2026-07-20 15:22:02
PV_LEAD_624E6D93,douyin,光伏发电靠谱吗？想了解一下,贵州贵阳,,贵州贵阳,家庭用户,普通住宅,,71,A,True,medium,new,2026-07-20 16:43:16
PV_LEAD_63602C6E,douyin,光伏发电靠谱吗？想了解一下,贵州贵阳,,贵州贵阳,家庭用户,普通住宅,,71,A,True,medium,new,2026-07-20 16:43:16
PV_LEAD_FBD3BEC3,douyin,光伏发电靠谱吗？想了解一下,贵州贵阳,,贵州贵阳,家庭用户,普通住宅,,71,A,True,medium,new,2026-07-20 16:43:16
PV_LEAD_872BF0E3,douyin,光伏发电靠谱吗？想了解一下,贵州贵阳,,贵州贵阳,家庭用户,普通住宅,,71,A,True,medium,new,2026-07-20 16:43:16
PV_LEAD_0B2C2E90,douyin,光伏发电靠谱吗？我朋友说用几年就不行了，是真的吗？,四川德阳,,四川德阳,家庭用户,普通住宅,,71,A,True,medium,new,2026-07-20 16:43:16
PV_LEAD_2F6E4E22,douyin,光伏发电靠谱吗？我朋友说用几年就不行了，是真的吗？,四川德阳,,四川德阳,家庭用户,普通住宅,,71,A,True,medium,new,2026-07-20 16:43:16
PV_LEAD_32954643,douyin,光伏发电靠谱吗？我朋友说用几年就不行了，是真的吗？,四川德阳,,四川德阳,家庭用户,普通住宅,,71,A,True,medium,new,2026-07-20 16:43:16
PV_LEAD_7C234138,douyin,重庆渝北的高价值住宅，想了解一下光伏怎么装,重庆,,重庆,家庭用户,普通住宅,,71,A,True,medium,new,2026-07-20 16:43:17
PV_LEAD_37C71BDF,xiaohongshu,光伏发电靠谱吗？想了解一下,贵州贵阳,,贵州贵阳,家庭用户,普通住宅,,66,A,True,medium,new,2026-07-20 16:43:17
PV_LEAD_AC9B4B5D,xiaohongshu,光伏发电靠谱吗？想了解一下,贵州贵阳,,贵州贵阳,家庭用户,普通住宅,,66,A,True,medium,new,2026-07-20 16:43:18
PV_LEAD_3BCF1862,douyin,光伏发电靠谱吗？想了解一下,贵州贵阳,,贵州贵阳,家庭用户,普通住宅,,71,A,True,medium,new,2026-07-20 16:54:32
PV_LEAD_3F87C3BA,douyin,光伏发电靠谱吗？想了解一下,贵州贵阳,,贵州贵阳,家庭用户,普通住宅,,71,A,True,medium,new,2026-07-20 16:54:32
PV_LEAD_9687431A,douyin,光伏发电靠谱吗？想了解一下,贵州贵阳,,贵州贵阳,家庭用户,普通住宅,,71,A,True,medium,new,2026-07-20 16:54:32
PV_LEAD_798AA054,douyin,光伏发电靠谱吗？想了解一下,贵州贵阳,,贵州贵阳,家庭用户,普通住宅,,71,A,True,medium,new,2026-07-20 16:54:32
PV_LEAD_86A42A66,douyin,光伏发电靠谱吗？我朋友说用几年就不行了，是真的吗？,四川德阳,,四川德阳,家庭用户,普通住宅,,71,A,True,medium,new,2026-07-20 16:54:33
PV_LEAD_E4B1F875,douyin,光伏发电靠谱吗？我朋友说用几年就不行了，是真的吗？,四川德阳,,四川德阳,家庭用户,普通住宅,,71,A,True,medium,new,2026-07-20 16:54:33
PV_LEAD_B475DA45,douyin,光伏发电靠谱吗？我朋友说用几年就不行了，是真的吗？,四川德阳,,四川德阳,家庭用户,普通住宅,,71,A,True,medium,new,2026-07-20 16:54:33
PV_LEAD_6D8AEAAA,douyin,重庆渝北的高价值住宅，想了解一下光伏怎么装,重庆,,重庆,家庭用户,普通住宅,,71,A,True,medium,new,2026-07-20 16:54:33
PV_LEAD_3836CB3E,xiaohongshu,光伏发电靠谱吗？想了解一下,贵州贵阳,,贵州贵阳,家庭用户,普通住宅,,66,A,True,medium,new,2026-07-20 16:54:33
PV_LEAD_37144C1B,xiaohongshu,光伏发电靠谱吗？想了解一下,贵州贵阳,,贵州贵阳,家庭用户,普通住宅,,66,A,True,medium,new,2026-07-20 16:54:35
PV_LEAD_31A7A3FE,douyin,光伏发电靠谱吗？想了解一下,贵州贵阳,,贵州贵阳,家庭用户,普通住宅,,71,A,True,medium,new,2026-07-20 17:03:39
PV_LEAD_A802E884,douyin,光伏发电靠谱吗？想了解一下,贵州贵阳,,贵州贵阳,家庭用户,普通住宅,,71,A,True,medium,new,2026-07-20 17:03:39
PV_LEAD_DC27B6B9,douyin,光伏发电靠谱吗？想了解一下,贵州贵阳,,贵州贵阳,家庭用户,普通住宅,,71,A,True,medium,new,2026-07-20 17:03:39
PV_LEAD_C8C7435B,douyin,光伏发电靠谱吗？想了解一下,贵州贵阳,,贵州贵阳,家庭用户,普通住宅,,71,A,True,medium,new,2026-07-20 17:03:39
PV_LEAD_BCD4DA0C,douyin,光伏发电靠谱吗？我朋友说用几年就不行了，是真的吗？,四川德阳,,四川德阳,家庭用户,普通住宅,,71,A,True,medium,new,2026-07-20 17:03:40
PV_LEAD_0A0D9372,douyin,光伏发电靠谱吗？我朋友说用几年就不行了，是真的吗？,四川德阳,,四川德阳,家庭用户,普通住宅,,71,A,True,medium,new,2026-07-20 17:03:40
PV_LEAD_738CA146,douyin,光伏发电靠谱吗？我朋友说用几年就不行了，是真的吗？,四川德阳,,四川德阳,家庭用户,普通住宅,,71,A,True,medium,new,2026-07-20 17:03:40
PV_LEAD_DB113D0C,douyin,重庆渝北的高价值住宅，想了解一下光伏怎么装,重庆,,重庆,家庭用户,普通住宅,,71,A,True,medium,new,2026-07-20 17:03:40
PV_LEAD_FE8050AD,xiaohongshu,光伏发电靠谱吗？想了解一下,贵州贵阳,,贵州贵阳,家庭用户,普通住宅,,66,A,True,medium,new,2026-07-20 17:03:40
PV_LEAD_91452F65,xiaohongshu,光伏发电靠谱吗？想了解一下,贵州贵阳,,贵州贵阳,家庭用户,普通住宅,,66,A,True,medium,new,2026-07-20 17:03:42
PV_LEAD_E84B20A1,douyin,光伏发电靠谱吗？想了解一下,贵州贵阳,,贵州贵阳,家庭用户,普通住宅,,71,A,True,medium,new,2026-07-20 17:03:55
PV_LEAD_C6A66EDD,douyin,光伏发电靠谱吗？想了解一下,贵州贵阳,,贵州贵阳,家庭用户,普通住宅,,71,A,True,medium,new,2026-07-20 17:03:55
PV_LEAD_57E6454B,douyin,光伏发电靠谱吗？想了解一下,贵州贵阳,,贵州贵阳,家庭用户,普通住宅,,71,A,True,medium,new,2026-07-20 17:03:56
PV_LEAD_DC1BF1AC,douyin,光伏发电靠谱吗？想了解一下,贵州贵阳,,贵州贵阳,家庭用户,普通住宅,,71,A,True,medium,new,2026-07-20 17:03:56
PV_LEAD_47E8E72F,douyin,光伏发电靠谱吗？我朋友说用几年就不行了，是真的吗？,四川德阳,,四川德阳,家庭用户,普通住宅,,71,A,True,medium,new,2026-07-20 17:03:57
PV_LEAD_778F8D3F,douyin,光伏发电靠谱吗？我朋友说用几年就不行了，是真的吗？,四川德阳,,四川德阳,家庭用户,普通住宅,,71,A,True,medium,new,2026-07-20 17:03:57
PV_LEAD_94B8EB42,douyin,光伏发电靠谱吗？我朋友说用几年就不行了，是真的吗？,四川德阳,,四川德阳,家庭用户,普通住宅,,71,A,True,medium,new,2026-07-20 17:03:57
PV_LEAD_DB85E334,douyin,重庆渝北的高价值住宅，想了解一下光伏怎么装,重庆,,重庆,家庭用户,普通住宅,,71,A,True,medium,new,2026-07-20 17:03:57
PV_LEAD_8F6970FF,xiaohongshu,光伏发电靠谱吗？想了解一下,贵州贵阳,,贵州贵阳,家庭用户,普通住宅,,66,A,True,medium,new,2026-07-20 17:03:57
PV_LEAD_6FF79DDD,xiaohongshu,光伏发电靠谱吗？想了解一下,贵州贵阳,,贵州贵阳,家庭用户,普通住宅,,66,A,True,medium,new,2026-07-20 17:04:00
PV_LEAD_1C15F2D1,douyin,光伏发电靠谱吗？想了解一下,贵州贵阳,,贵州贵阳,家庭用户,普通住宅,,71,A,True,medium,new,2026-07-20 17:04:13
PV_LEAD_AD8AF35B,douyin,光伏发电靠谱吗？想了解一下,贵州贵阳,,贵州贵阳,家庭用户,普通住宅,,71,A,True,medium,new,2026-07-20 17:04:13
PV_LEAD_88372E69,douyin,光伏发电靠谱吗？想了解一下,贵州贵阳,,贵州贵阳,家庭用户,普通住宅,,71,A,True,medium,new,2026-07-20 17:04:13
PV_LEAD_3C5A225F,douyin,光伏发电靠谱吗？想了解一下,贵州贵阳,,贵州贵阳,家庭用户,普通住宅,,71,A,True,medium,new,2026-07-20 17:04:13
PV_LEAD_90AF30A6,douyin,光伏发电靠谱吗？我朋友说用几年就不行了，是真的吗？,四川德阳,,四川德阳,家庭用户,普通住宅,,71,A,True,medium,new,2026-07-20 17:04:14
PV_LEAD_ABBFC26F,douyin,光伏发电靠谱吗？我朋友说用几年就不行了，是真的吗？,四川德阳,,四川德阳,家庭用户,普通住宅,,71,A,True,medium,new,2026-07-20 17:04:14
PV_LEAD_D695AA4E,douyin,光伏发电靠谱吗？我朋友说用几年就不行了，是真的吗？,四川德阳,,四川德阳,家庭用户,普通住宅,,71,A,True,medium,new,2026-07-20 17:04:14
PV_LEAD_5B76F79C,douyin,重庆渝北的高价值住宅，想了解一下光伏怎么装,重庆,,重庆,家庭用户,普通住宅,,71,A,True,medium,new,2026-07-20 17:04:14
PV_LEAD_4F005AEB,xiaohongshu,光伏发电靠谱吗？想了解一下,贵州贵阳,,贵州贵阳,家庭用户,普通住宅,,66,A,True,medium,new,2026-07-20 17:04:14
PV_LEAD_3B6AA1B9,xiaohongshu,光伏发电靠谱吗？想了解一下,贵州贵阳,,贵州贵阳,家庭用户,普通住宅,,66,A,True,medium,new,2026-07-20 17:04:16
PV_LEAD_24247B8F,xiaohongshu,光伏发电靠谱吗？想了解一下,贵州贵阳,,贵州贵阳,家庭用户,普通住宅,,66,A,True,medium,new,2026-07-20 17:04:32
PV_LEAD_8B67CFC5,douyin,重庆渝北的高价值住宅，想了解一下光伏怎么装,重庆,,重庆,家庭用户,普通住宅,,71,A,True,medium,new,2026-07-20 17:04:39
PV_LEAD_D41CE8F8,xiaohongshu,光伏发电靠谱吗？想了解一下,贵州贵阳,,贵州贵阳,家庭用户,普通住宅,,66,A,True,medium,new,2026-07-20 17:04:39
PV_LEAD_402FD4E1,douyin,光伏发电靠谱吗？我朋友说用几年就不行了，是真的吗？,四川德阳,,四川德阳,家庭用户,普通住宅,,71,A,True,medium,new,2026-07-20 17:04:52
PV_LEAD_1E9B414D,douyin,光伏发电靠谱吗？我朋友说用几年就不行了，是真的吗？,四川德阳,,四川德阳,家庭用户,普通住宅,,71,A,True,medium,new,2026-07-20 17:04:52
PV_LEAD_115FE44E,douyin,光伏发电靠谱吗？我朋友说用几年就不行了，是真的吗？,四川德阳,,四川德阳,家庭用户,普通住宅,,71,A,True,medium,new,2026-07-20 17:04:52
PV_LEAD_AEAAF92A,douyin,光伏发电靠谱吗？想了解一下,贵州贵阳,,贵州贵阳,家庭用户,普通住宅,,71,A,True,medium,new,2026-07-20 17:04:53
PV_LEAD_FA8455B6,douyin,光伏发电靠谱吗？想了解一下,贵州贵阳,,贵州贵阳,家庭用户,普通住宅,,71,A,True,medium,new,2026-07-20 17:04:53
PV_LEAD_1FE200D0,douyin,光伏发电靠谱吗？想了解一下,贵州贵阳,,贵州贵阳,家庭用户,普通住宅,,71,A,True,medium,new,2026-07-20 17:04:53
PV_LEAD_D1C9C3C9,douyin,光伏发电靠谱吗？想了解一下,贵州贵阳,,贵州贵阳,家庭用户,普通住宅,,71,A,True,medium,new,2026-07-20 17:04:53
PV_LEAD_CBACA56F,xiaohongshu,光伏发电靠谱吗？想了解一下,贵州贵阳,,贵州贵阳,家庭用户,普通住宅,,66,A,True,medium,new,2026-07-20 17:39:35
PV_LEAD_F03E70CF,douyin,光伏发电靠谱吗？想了解一下,贵州贵阳,,贵州贵阳,家庭用户,普通住宅,,71,A,True,medium,new,2026-07-20 17:39:42
PV_LEAD_C1F0FD02,douyin,光伏发电靠谱吗？想了解一下,贵州贵阳,,贵州贵阳,家庭用户,普通住宅,,71,A,True,medium,new,2026-07-20 17:39:42
PV_LEAD_EFD5C580,douyin,光伏发电靠谱吗？想了解一下,贵州贵阳,,贵州贵阳,家庭用户,普通住宅,,71,A,True,medium,new,2026-07-20 17:39:42
PV_LEAD_EACC2E4B,douyin,光伏发电靠谱吗？想了解一下,贵州贵阳,,贵州贵阳,家庭用户,普通住宅,,71,A,True,medium,new,2026-07-20 17:39:42
PV_LEAD_8F07F46D,douyin,光伏发电靠谱吗？我朋友说用几年就不行了，是真的吗？,四川德阳,,四川德阳,家庭用户,普通住宅,,71,A,True,medium,new,2026-07-20 17:39:43
PV_LEAD_BD6D7609,douyin,光伏发电靠谱吗？我朋友说用几年就不行了，是真的吗？,四川德阳,,四川德阳,家庭用户,普通住宅,,71,A,True,medium,new,2026-07-20 17:39:43
PV_LEAD_08C5C420,douyin,光伏发电靠谱吗？我朋友说用几年就不行了，是真的吗？,四川德阳,,四川德阳,家庭用户,普通住宅,,71,A,True,medium,new,2026-07-20 17:39:43
PV_LEAD_326F79DD,douyin,重庆渝北的高价值住宅，想了解一下光伏怎么装,重庆,,重庆,家庭用户,普通住宅,,71,A,True,medium,new,2026-07-20 17:39:43
PV_LEAD_5652D0DB,xiaohongshu,光伏发电靠谱吗？想了解一下,贵州贵阳,,贵州贵阳,家庭用户,普通住宅,,66,A,True,medium,new,2026-07-20 17:39:43
PV_LEAD_F2A5E733,xiaohongshu,光伏发电靠谱吗？想了解一下,贵州贵阳,,贵州贵阳,家庭用户,普通住宅,,66,A,True,medium,new,2026-07-20 17:39:46
PV_LEAD_7CC44489,douyin,光伏发电靠谱吗？我朋友说用几年就不行了，是真的吗？,四川德阳,,四川德阳,家庭用户,普通住宅,,71,A,True,medium,new,2026-07-20 17:39:57
PV_LEAD_85E053A7,douyin,光伏发电靠谱吗？我朋友说用几年就不行了，是真的吗？,四川德阳,,四川德阳,家庭用户,普通住宅,,71,A,True,medium,new,2026-07-20 17:39:57
PV_LEAD_812BC02A,douyin,光伏发电靠谱吗？我朋友说用几年就不行了，是真的吗？,四川德阳,,四川德阳,家庭用户,普通住宅,,71,A,True,medium,new,2026-07-20 17:39:57
PV_LEAD_C13DAE09,douyin,重庆渝北的高价值住宅，想了解一下光伏怎么装,重庆,,重庆,家庭用户,普通住宅,,71,A,True,medium,new,2026-07-20 17:40:06
PV_LEAD_643E55E9,xiaohongshu,光伏发电靠谱吗？想了解一下,贵州贵阳,,贵州贵阳,家庭用户,普通住宅,,66,A,True,medium,new,2026-07-20 17:40:06
PV_LEAD_8690F992,douyin,光伏发电靠谱吗？想了解一下,贵州贵阳,,贵州贵阳,家庭用户,普通住宅,,71,A,True,medium,new,2026-07-20 17:40:07
PV_LEAD_A5646B5B,douyin,光伏发电靠谱吗？想了解一下,贵州贵阳,,贵州贵阳,家庭用户,普通住宅,,71,A,True,medium,new,2026-07-20 17:40:07
PV_LEAD_D83E563D,douyin,光伏发电靠谱吗？想了解一下,贵州贵阳,,贵州贵阳,家庭用户,普通住宅,,71,A,True,medium,new,2026-07-20 17:40:07
PV_LEAD_6F809B3B,douyin,光伏发电靠谱吗？想了解一下,贵州贵阳,,贵州贵阳,家庭用户,普通住宅,,71,A,True,medium,new,2026-07-20 17:40:07
PV_LEAD_2F4B4F3D,xiaohongshu,光伏发电靠谱吗？想了解一下,贵州贵阳,,贵州贵阳,家庭用户,普通住宅,,66,A,True,medium,new,2026-07-20 18:00:02
PV_LEAD_B6215DE2,douyin,光伏发电靠谱吗？我朋友说用几年就不行了，是真的吗？,四川德阳,,四川德阳,家庭用户,普通住宅,,71,A,True,medium,new,2026-07-20 18:00:12
PV_LEAD_B7EDF626,douyin,光伏发电靠谱吗？我朋友说用几年就不行了，是真的吗？,四川德阳,,四川德阳,家庭用户,普通住宅,,71,A,True,medium,new,2026-07-20 18:00:12
PV_LEAD_60055223,douyin,光伏发电靠谱吗？我朋友说用几年就不行了，是真的吗？,四川德阳,,四川德阳,家庭用户,普通住宅,,71,A,True,medium,new,2026-07-20 18:00:12
PV_LEAD_6A4E1E0A,douyin,重庆渝北的高价值住宅，想了解一下光伏怎么装,重庆,,重庆,家庭用户,普通住宅,,71,A,True,medium,new,2026-07-20 18:00:16
PV_LEAD_465E7E3F,xiaohongshu,光伏发电靠谱吗？想了解一下,贵州贵阳,,贵州贵阳,家庭用户,普通住宅,,66,A,True,medium,new,2026-07-20 18:00:16
PV_LEAD_C694BD5D,douyin,光伏发电靠谱吗？想了解一下,贵州贵阳,,贵州贵阳,家庭用户,普通住宅,,71,A,True,medium,new,2026-07-20 18:00:17
PV_LEAD_CFAD8959,douyin,光伏发电靠谱吗？想了解一下,贵州贵阳,,贵州贵阳,家庭用户,普通住宅,,71,A,True,medium,new,2026-07-20 18:00:17
PV_LEAD_AF5CAA67,douyin,光伏发电靠谱吗？想了解一下,贵州贵阳,,贵州贵阳,家庭用户,普通住宅,,71,A,True,medium,new,2026-07-20 18:00:17
PV_LEAD_ECFA3DD7,douyin,光伏发电靠谱吗？想了解一下,贵州贵阳,,贵州贵阳,家庭用户,普通住宅,,71,A,True,medium,new,2026-07-20 18:00:17
PV_LEAD_AE71DF2C,douyin,光伏发电靠谱吗？想了解一下,贵州贵阳,,贵州贵阳,家庭用户,普通住宅,,71,A,True,medium,new,2026-07-20 18:00:31
PV_LEAD_FB009145,douyin,光伏发电靠谱吗？想了解一下,贵州贵阳,,贵州贵阳,家庭用户,普通住宅,,71,A,True,medium,new,2026-07-20 18:00:31
PV_LEAD_AEC07FAE,douyin,光伏发电靠谱吗？想了解一下,贵州贵阳,,贵州贵阳,家庭用户,普通住宅,,71,A,True,medium,new,2026-07-20 18:00:31
PV_LEAD_CE865650,douyin,光伏发电靠谱吗？想了解一下,贵州贵阳,,贵州贵阳,家庭用户,普通住宅,,71,A,True,medium,new,2026-07-20 18:00:31
PV_LEAD_CAF7A2EF,douyin,光伏发电靠谱吗？我朋友说用几年就不行了，是真的吗？,四川德阳,,四川德阳,家庭用户,普通住宅,,71,A,True,medium,new,2026-07-20 18:00:32
PV_LEAD_B347BBF1,douyin,光伏发电靠谱吗？我朋友说用几年就不行了，是真的吗？,四川德阳,,四川德阳,家庭用户,普通住宅,,71,A,True,medium,new,2026-07-20 18:00:32
PV_LEAD_0DE0D16A,douyin,光伏发电靠谱吗？我朋友说用几年就不行了，是真的吗？,四川德阳,,四川德阳,家庭用户,普通住宅,,71,A,True,medium,new,2026-07-20 18:00:32
PV_LEAD_B7BB2483,douyin,重庆渝北的高价值住宅，想了解一下光伏怎么装,重庆,,重庆,家庭用户,普通住宅,,71,A,True,medium,new,2026-07-20 18:00:33
PV_LEAD_205FBD0E,xiaohongshu,光伏发电靠谱吗？想了解一下,贵州贵阳,,贵州贵阳,家庭用户,普通住宅,,66,A,True,medium,new,2026-07-20 18:00:33
PV_LEAD_78CF4012,xiaohongshu,光伏发电靠谱吗？想了解一下,贵州贵阳,,贵州贵阳,家庭用户,普通住宅,,66,A,True,medium,new,2026-07-20 18:00:35
PV_LEAD_70D6CBD2,douyin,光伏发电靠谱吗？想了解一下,贵州贵阳,,贵州贵阳,家庭用户,普通住宅,,71,A,True,medium,new,2026-07-21 08:05:55
PV_LEAD_3766038D,douyin,光伏发电靠谱吗？想了解一下,贵州贵阳,,贵州贵阳,家庭用户,普通住宅,,71,A,True,medium,new,2026-07-21 08:05:55
PV_LEAD_84904B1C,douyin,光伏发电靠谱吗？想了解一下,贵州贵阳,,贵州贵阳,家庭用户,普通住宅,,71,A,True,medium,new,2026-07-21 08:05:55
PV_LEAD_CD29DE97,douyin,光伏发电靠谱吗？想了解一下,贵州贵阳,,贵州贵阳,家庭用户,普通住宅,,71,A,True,medium,new,2026-07-21 08:05:55
PV_LEAD_382CD278,douyin,光伏发电靠谱吗？我朋友说用几年就不行了，是真的吗？,四川德阳,,四川德阳,家庭用户,普通住宅,,71,A,True,medium,new,2026-07-21 08:05:56
PV_LEAD_58DDB721,douyin,光伏发电靠谱吗？我朋友说用几年就不行了，是真的吗？,四川德阳,,四川德阳,家庭用户,普通住宅,,71,A,True,medium,new,2026-07-21 08:05:56
PV_LEAD_CC483F40,douyin,光伏发电靠谱吗？我朋友说用几年就不行了，是真的吗？,四川德阳,,四川德阳,家庭用户,普通住宅,,71,A,True,medium,new,2026-07-21 08:05:56
PV_LEAD_AC1B9D3A,douyin,重庆渝北的高价值住宅，想了解一下光伏怎么装,重庆,,重庆,家庭用户,普通住宅,,71,A,True,medium,new,2026-07-21 08:05:57
PV_LEAD_B7F740A7,xiaohongshu,光伏发电靠谱吗？想了解一下,贵州贵阳,,贵州贵阳,家庭用户,普通住宅,,66,A,True,medium,new,2026-07-21 08:05:57
PV_LEAD_0270C8CD,xiaohongshu,光伏发电靠谱吗？想了解一下,贵州贵阳,,贵州贵阳,家庭用户,普通住宅,,66,A,True,medium,new,2026-07-21 08:06:00
PV_LEAD_E631AAF7,xiaohongshu,光伏发电靠谱吗？想了解一下,贵州贵阳,,贵州贵阳,家庭用户,普通住宅,,66,A,True,medium,new,2026-07-21 08:06:23
PV_LEAD_9D40DD74,xiaohongshu,光伏发电靠谱吗？想了解一下,贵州贵阳,,贵州贵阳,家庭用户,普通住宅,,66,A,True,medium,new,2026-07-21 08:06:50
PV_LEAD_F85B9F47,douyin,光伏发电靠谱吗？我朋友说用几年就不行了，是真的吗？,四川德阳,,四川德阳,家庭用户,普通住宅,,71,A,True,medium,new,2026-07-21 08:06:53
PV_LEAD_8E36D51E,douyin,光伏发电靠谱吗？我朋友说用几年就不行了，是真的吗？,四川德阳,,四川德阳,家庭用户,普通住宅,,71,A,True,medium,new,2026-07-21 08:06:53
PV_LEAD_4DD19C63,douyin,光伏发电靠谱吗？我朋友说用几年就不行了，是真的吗？,四川德阳,,四川德阳,家庭用户,普通住宅,,71,A,True,medium,new,2026-07-21 08:06:53
PV_LEAD_52D18309,douyin,重庆渝北的高价值住宅，想了解一下光伏怎么装,重庆,,重庆,家庭用户,普通住宅,,71,A,True,medium,new,2026-07-21 08:06:59
PV_LEAD_DD25C858,xiaohongshu,光伏发电靠谱吗？想了解一下,贵州贵阳,,贵州贵阳,家庭用户,普通住宅,,66,A,True,medium,new,2026-07-21 08:06:59
PV_LEAD_CA11C6E3,douyin,光伏发电靠谱吗？想了解一下,贵州贵阳,,贵州贵阳,家庭用户,普通住宅,,71,A,True,medium,new,2026-07-21 08:07:00
PV_LEAD_7B6D91D1,douyin,光伏发电靠谱吗？想了解一下,贵州贵阳,,贵州贵阳,家庭用户,普通住宅,,71,A,True,medium,new,2026-07-21 08:07:00
PV_LEAD_ABBE5D13,douyin,光伏发电靠谱吗？想了解一下,贵州贵阳,,贵州贵阳,家庭用户,普通住宅,,71,A,True,medium,new,2026-07-21 08:07:00
PV_LEAD_0CAF5970,douyin,光伏发电靠谱吗？想了解一下,贵州贵阳,,贵州贵阳,家庭用户,普通住宅,,71,A,True,medium,new,2026-07-21 08:07:00
PV_LEAD_64637A7D,douyin,光伏发电靠谱吗？我朋友说用几年就不行了，是真的吗？,四川德阳,,四川德阳,家庭用户,普通住宅,,71,A,True,medium,new,2026-07-21 08:07:48
PV_LEAD_A2A9BA6F,douyin,光伏发电靠谱吗？我朋友说用几年就不行了，是真的吗？,四川德阳,,四川德阳,家庭用户,普通住宅,,71,A,True,medium,new,2026-07-21 08:07:48
PV_LEAD_5CB04B75,douyin,光伏发电靠谱吗？我朋友说用几年就不行了，是真的吗？,四川德阳,,四川德阳,家庭用户,普通住宅,,71,A,True,medium,new,2026-07-21 08:07:48
